"","MSK64","Rhyp","Rp","M","Rasp","Rasp_max","Rasp_pond","EVENT","residuals_Rhyp","residuals_Rasp","residuals_Rasp_max","residuals_Rasp_pond"
"1",6,265.574552733948,137.001750177231,7.9,191.406286418595,191.406286729293,240.378538124561,"1985",-0.69621445029059,-0.755879265264355,-0.767852349833031,-0.531473373082377
"2",5.5,250.800567644511,128.520409204074,7.9,179.660363821834,179.660364303352,228.233559013691,"1985",-1.23150396206636,-1.2959414271712,-1.32077887966178,-1.09009826336968
"3",6.5,227.160481759516,86.3364667078738,7.9,149.227437104598,149.227437177714,197.936269196074,"1985",-0.292542738487146,-0.413348471569512,-0.475886525348435,-0.251146451770381
"4",7.5,209.199618499533,107.923188980918,7.9,145.238841590673,145.238842357336,192.017157643847,"1985",0.656673791523656,0.569513334873207,0.501472036342807,0.714523165692088
"5",7,202.739087792161,99.4910560967022,7.9,137.118329578602,137.118330239619,184.237402674948,"1985",0.13733336875395,0.0331169352767997,-0.0466116187743628,0.167755299996488
"6",7.5,198.62453599688,106.941108384622,7.9,138.379056002625,138.379056899222,184.061505602356,"1985",0.624691988442414,0.538906693894866,0.461037291775079,0.666675210569584
"7",7,182.938078423496,82.5856648873267,7.9,115.706995228161,115.706995747243,162.962376228614,"1985",0.0739697196426565,-0.0742866356505356,-0.188503572076581,0.0290041431393355
"8",7,180.169010594096,83.1289763894389,7.9,114.131042473657,114.131043035021,161.077481256653,"1985",0.0645659486630255,-0.0829618886171595,-0.199964536893283,0.0158490137707883
"9",7.5,175.731558525367,72.8501160206559,7.9,105.714658720933,105.714659097538,153.436555165931,"1985",0.549190696152182,0.368579171837713,0.236015862679849,0.46089582065169
"10",7.5,173.814819183612,72.2482835014872,7.9,104.003982972208,104.003983352349,151.65860891636,"1985",0.542428973359252,0.358258823702958,0.222381545573267,0.44771660023931
"11",7,163.82801681299,58.6550101404817,7.9,89.6969953951467,89.6969955755157,137.826253842504,"1985",0.00594598780041622,-0.235359761343666,-0.401298923375446,-0.160427448012832
"12",7,178.685129215664,104.476036292056,7.9,125.541188148125,125.541189217805,168.856701573632,"1985",0.0594670256158949,-0.0226842890053014,-0.120331182230078,0.0691813683745925
"13",7,156.617859077519,64.2598852292589,7.9,86.7023586664852,86.7023589919245,134.067170488501,"1985",-0.0218037026729911,-0.256840189586725,-0.429676934762155,-0.191696335271176
"14",7,175.394271881019,104.258849684176,7.9,123.586790852291,123.586791946718,166.431206773053,"1985",0.0480062065379023,-0.0326098099536454,-0.133443888911046,0.0528210581701245
"15",7,175.425929580914,105.229220211273,7.9,124.198643193887,124.198644308931,166.856375244178,"1985",0.0481174794678303,-0.0294857037535809,-0.129316600243325,0.0557060438115684
"16",7,172.339190066997,104.883178097665,7.9,122.320246850504,122.320247983595,164.54074826445,"1985",0.0371723696290003,-0.0391262021849785,-0.142052760811483,0.0399034478486948
"17",7.5,172.095968419673,104.783473058822,7.9,122.127605616245,122.127606749149,164.328034195601,"1985",0.536301627454579,0.459876747285675,0.356630025575637,0.538440680941217
"18",7,166.779910251325,100.432577494013,7.9,116.478851217054,116.478852297578,158.708642950517,"1985",0.0169561498895643,-0.0700807623265849,-0.182947145926759,-0.000903703041455373
"19",7.5,149.066424756617,70.5143624284522,7.9,85.0888581594398,85.0888586681544,130.959887983768,"1985",0.447728611832606,0.231276567533751,0.0546239937252864,0.281787425670645
"20",8,141.265968537042,58.313635429845,7.9,70.8911529610745,70.8911532179879,117.950553554653,"1985",0.914590802140127,0.6157965128577,0.402062113677813,0.66348071511505
"21",7.5,165.071374195308,102.857808672215,7.9,117.209449778986,117.209450923081,158.60698143497,"1985",0.510607531233622,0.433874700519548,0.322278456788242,0.498371749830662
"22",7.5,145.503509406152,70.1870525122962,7.9,82.4159587265991,82.4159592467257,127.972062522856,"1985",0.432813276396987,0.211086106462396,0.0279501699476183,0.255690439285006
"23",7,167.894694243215,109.014925702638,7.9,122.765546832079,122.765548084087,163.275422374477,"1985",0.0210635246428588,-0.036827466332392,-0.139015876649058,0.0311742230083931
"24",7.5,165.776521108491,106.021452839831,7.9,119.71340836533,119.713409570447,160.51338433818,"1985",0.513235660053686,0.44724651681886,0.33994409994345,0.511882107221833
"25",7,164.000439392829,103.33165246224,7.9,116.997393012048,116.997394173333,158.089591468758,"1985",0.0065945360456201,-0.067270830166537,-0.179234915347493,-0.00532292758905673
"26",7.5,153.301423092231,86.4568050250361,7.9,99.3296829280805,99.3296837899291,142.480405703789,"1985",0.465000538863761,0.329169215712497,0.183950971952171,0.377125890312871
"27",7.5,152.746248409125,86.8805190035152,7.9,99.3302427641143,99.330243639035,142.298060484055,"1985",0.462763694290109,0.329172781082715,0.183955682309072,0.375677822844797
"28",7,167.521238279109,110.816501762157,7.9,123.816609557061,123.816610848066,163.825902470559,"1985",0.0196905875166129,-0.0314345501414959,-0.131891239872965,0.0349801568007555
"29",7.5,150.036948207878,85.1759183416985,7.9,96.5401457417781,96.5401465939015,139.475635190663,"1985",0.451729726572287,0.311149496085692,0.160144936685104,0.35302418078091
"30",7,163.033401009578,106.211272236775,7.9,118.545864991599,118.545866218625,158.763057478024,"1985",0.00294828100987399,-0.0589533268582327,-0.1682465765368,-0.000516078424457334
"31",7,133.236428230035,52.4509294929666,7.9,60.4940773172309,60.4940774667245,107.634017192972,"1985",-0.121488922302021,-0.484532775208368,-0.730483933065557,-0.440016596041716
"32",7,141.01569146168,73.3133477894296,7.9,81.9950111589403,81.995011780475,126.338058222724,"1985",-0.086502482585761,-0.292153201322011,-0.476329311545248,-0.258840611785629
"33",7,167.837751769844,115.043768340821,7.9,126.879193015848,126.879194388562,165.918418762456,"1985",0.0208543843194775,-0.015977859013045,-0.111471247243665,0.0493317083207989
"34",7,150.127169270281,88.5666300354318,7.9,99.1985499274723,99.1985508562553,141.329707218188,"1985",-0.0478996405564853,-0.171666471656061,-0.317153062580593,-0.132043438701293
"35",7.5,163.212308208922,109.072894936617,7.9,120.663718554471,120.663719838146,160.205838259364,"1985",0.503624485126645,0.452248342602743,0.346552063480861,0.509713470345936
"36",6.5,164.023193992309,113.353191727674,7.9,124.089737940195,124.089739303206,162.709082201404,"1985",-0.493319926007932,-0.530040644373072,-0.630049736279291,-0.472754779906413
"37",8,143.252217346348,82.8946511946045,7.9,91.1212256269014,91.1212264654385,133.476820143766,"1985",0.923199261480679,0.774605783372568,0.61186666540363,0.80331347765435
"38",7,134.15300188611,67.9294419468445,7.9,73.4506445669645,73.450645093223,118.048276690268,"1985",-0.117262045456953,-0.361766673677241,-0.568296380248517,-0.335582825234212
"39",7.5,144.615210452279,85.6124226742338,7.9,94.0551398614298,94.0551407549367,135.947400113709,"1985",0.429037732590874,0.294652915608548,0.13835113652129,0.32405191152641
"40",7,160.548772057926,110.250315910159,7.9,120.407840782533,120.407842105122,159.05372898034,"1985",-0.00652019859234976,-0.0490945485081218,-0.155222043373635,0.00155228688816145
"41",7,160.383092893971,110.820066104036,7.9,120.767782605531,120.767783940115,159.221786515495,"1985",-0.00715677399198444,-0.0472063255349493,-0.152727492689065,0.00274642978954898
"42",7,129.288352301252,66.6419839966932,7.9,69.6369911814382,69.636991703664,113.781637657365,"1985",-0.140034599438765,-0.39549509621747,-0.612855343002375,-0.377209044734723
"43",7,184.158029602884,147.265429209283,7.9,155.313759478199,155.31376134071,189.899576646897,"1985",0.0780675976754015,0.111939895396874,0.057522203793857,0.201983750140484
"44",8,138.950694549192,89.1619155313542,7.9,94.7121911927517,94.7121921960769,134.392375750146,"1985",0.904402235818962,0.799056722539854,0.644169051689129,0.811043222264504
"45",7.5,123.301239071231,64.3329812223191,7.9,64.5025368006483,64.5025372996427,108.178094930209,"1985",0.330732081103376,0.056053784764341,-0.176864610320111,0.0656848833933177
"46",8,118.470296078007,64.5895590592891,7.9,62.7678505175639,62.7678510509175,105.362444087435,"1985",0.806089890562517,0.538808334933209,0.30035225064792,0.535863681963265
"47",8.5,120.367051271993,69.3311051932556,7.9,68.5099266783385,68.5099273194156,110.057117988499,"1985",1.3158828269098,1.09418272776912,0.873507926537445,1.0851572849413
"48",8,105.460176528564,47.4237481717888,7.9,38.1770205352807,38.1770206600121,82.6170683048782,"1985",0.73436791945603,0.22427749182627,-0.115177658631618,0.260873529020844
"49",8,107.885639718927,54.84491776421,7.9,47.7965901277412,47.7965904533489,90.9506116728905,"1985",0.748387145137544,0.366434015126092,0.072626777198308,0.369540209048459
"50",7.5,109.488575975838,58.4461335383488,7.9,52.6579068169255,52.6579072339743,95.0755559640561,"1985",0.257480221843036,-0.0722917420490798,-0.346423194709091,-0.080304501158265
"51",7,125.059570151877,86.7544519611065,7.9,88.3399042637319,88.3399052696181,125.061442323373,"1985",-0.160537811204886,-0.245003855762555,-0.414039827042398,-0.270324820400107
"52",7,131.139297241724,106.605488189601,7.9,109.680075688954,109.680077019279,140.771911962162,"1985",-0.131270476118648,-0.108126139893825,-0.233209279893456,-0.136515124753077
"53",7,122.266976505764,96.907317759338,7.9,98.7306188591445,98.7306200370467,130.487646043261,"1985",-0.174461369170122,-0.174657544170744,-0.321104596841598,-0.222297479497416
"54",7.5,91.6610903398525,60.9701779071188,7.9,52.7977035837496,52.7977040734298,88.6017974980153,"1985",0.147906467596981,-0.070614554056637,-0.344207443413532,-0.16004561695648
"55",7.5,87.4736459850058,55.6562037421485,7.9,45.2073512892818,45.2073516445354,81.5735410504591,"1985",0.119076568547476,-0.16879796499126,-0.473918550211728,-0.253499980826493
"56",8,83.4744806289598,46.2782086460525,7.9,32.3891696356971,32.3891697321592,70.0033057133928,"1985",0.590224362850408,0.120273155981494,-0.252578847757391,0.0735357259150486
"57",7.5,90.620325938149,64.1399106014371,7.9,57.2032352271402,57.2032357774237,91.1968516926906,"1985",0.140865870169774,-0.0199168432238643,-0.277230180248941,-0.127402496444503
"58",8,82.2011305667221,48.8947357897593,7.9,35.8940143866381,35.8940145484327,72.3473315856045,"1985",0.580746890144358,0.185269795558364,-0.16671112299635,0.110778647612012
"59",7,112.222612760033,91.4516730497905,7.9,92.0395993470555,92.039600418147,122.267106157077,"1985",-0.227313129340842,-0.219050488696169,-0.379752568888197,-0.295876790131139
"60",7.5,83.3404442002573,52.3363787037121,7.9,40.5954650561931,40.5954653126423,76.4747416864949,"1985",0.0892335701564164,-0.236867040370544,-0.563845301258713,-0.326484437371308
"61",7,78.6435528420394,47.3342501757001,7.9,34.5147482707914,34.5147483754937,69.5150554990296,"1985",-0.446531157313208,-0.839517604120496,-1.19945801076484,-0.934378607654195
"62",7.5,87.0726173178684,63.5527382280293,7.9,56.5230755387072,56.5230760602465,89.2869493747696,"1985",0.116243478454488,-0.0274835894414958,-0.287226686182887,-0.1513351382178
"63",7.5,83.3021685195777,57.9012087393896,7.9,48.6836293632556,48.6836297497921,82.3160859079734,"1985",0.0889503451322486,-0.121933544445142,-0.412005486163135,-0.243253477123831
"64",7.5,116.41190497764,100.371786233097,7.9,102.266615636091,102.266616834487,130.16160210896,"1985",0.295283425246147,0.347602224156001,0.208303009957712,0.274873595874386
"65",8,76.9554251792758,46.9233882253931,7.9,34.4807005019618,34.4807005881167,68.5982561097192,"1985",0.540090252670068,0.159858054238332,-0.200282835322042,0.0506091123058425
"66",7,73.7487486121241,46.8101765774941,7.9,35.4943341805124,35.4943342478194,67.680943404988,"1985",-0.48615134008622,-0.82181363915603,-1.17606912302786,-0.96461373514475
"67",7.5,77.380889846283,58.181722095982,7.9,49.9708841917304,49.9708845444919,80.6490152738373,"1985",0.0434895662664889,-0.105424335233698,-0.390195002222815,-0.266388825412648
"68",8,89.089040793022,75.3018506218434,7.9,72.6978757803518,72.697876502655,100.653819419081,"1985",0.630358582441334,0.631716666163696,0.423094395863902,0.484166162178976
"69",7.5,70.8151454643167,46.3066358974067,7.9,36.4590994190196,36.4590994623671,66.663508126252,"1985",-0.0111775975042434,-0.304848782118957,-0.653656677953038,-0.481741348975523
"70",8.5,69.5795515631799,49.3583608821501,7.9,40.1582223823381,40.1582224831231,69.3882297441577,"1985",0.977969871787685,0.756282519491182,0.427104509221039,0.563556504059097
"71",8.5,67.6520101062234,47.2737612388059,7.9,39.1516111902563,39.1516112380572,67.1240466406107,"1985",0.960648868548907,0.740223756416066,0.405889112452925,0.526043558519806
"72",7.5,71.3167397275615,57.5854196841365,7.9,50.7186128531405,50.7186131448727,78.3802024691109,"1985",-0.00682591095609553,-0.0960287920578722,-0.377782455395307,-0.298655388694681
"73",7.5,117.185401951166,110.185009106095,7.9,113.447465419845,113.44746670959,136.913926884439,"1985",0.29936649813366,0.41323786644638,0.295014926150762,0.332062699158332
"74",7.5,65.7794105680631,48.2594601234812,7.9,41.2402535880858,41.2402536457016,67.8406137741281,"1985",-0.056657664463259,-0.226898365221112,-0.550675586954434,-0.461949223339905
"75",8,62.7739472289235,50.6024764039458,7.9,45.6391714695383,45.6391715560567,69.8248607894618,"1985",0.414508533467028,0.337215876109518,0.0340263916220191,0.0706496265929992
"76",9,74.5894044075033,69.4474035825831,7.9,67.3340358291376,67.3340363425327,90.9427657302767,"1985",1.52083685067552,1.58323077481465,1.35903918833589,1.36944265849401
"77",8.5,81.3809607932137,77.8873945080732,7.9,77.9158949861203,77.9158956663748,100.492983686531,"1985",1.07456435774477,1.17556659498526,0.981024983073493,0.982357860019184
"78",8.5,62.0135148437647,54.6324291473296,7.9,50.9976533324165,50.9976534905041,73.742322223978,"1985",0.906994211727548,0.907442026745627,0.626802876510459,0.632374310282168
"79",7,58.278304456249,52.3704567240391,7.9,50.9456063619432,50.9456064536352,71.3020952094211,"1985",-0.631307075622784,-0.593203911544302,-0.874050480239185,-0.905677182096879
"80",7,100.980345982891,101.305161275221,7.9,105.529093005711,105.52909407035,125.139661930933,"1985",-0.292394759212456,-0.132532222122034,-0.265452405762085,-0.26961780654222
"81",9,55.2137007372986,53.218235338421,7.9,54.4343798202063,54.4343799059439,72.0206565595068,"1985",1.33538792712247,1.44869738191402,1.18130574573606,1.10566127226118
"82",7.5,96.5205632457855,98.7435610002412,7.9,103.416884335076,103.416885331999,121.912902325094,"1985",0.179756010675387,0.3546777452231,0.217650551269688,0.200842672743061
"83",7,93.9648423129935,96.7486770020973,7.9,101.471200287054,101.47120124261,119.661493627173,"1985",-0.33678920919882,-0.157337225691586,-0.29822254953949,-0.320234750345623
"84",7.5,99.3262699843622,102.936092431819,7.9,108.449674472367,108.449675519556,125.929854840048,"1985",0.197422497479686,0.384737274024366,0.257362501376874,0.23749993275578
"85",8,52.3682381328298,53.6837685527482,7.9,57.5807103300926,57.580710403914,72.4413500065484,"1985",0.302766002750916,0.484243822081512,0.228266510154938,0.112247167734714
"86",6.5,117.154219898296,121.4073005824,7.9,127.668369313825,127.668370642189,144.486471037122,"1985",-0.700797581145576,-0.512055380846034,-0.606289221675837,-0.607064473425465
"87",6.5,135.720422671149,140.596167693144,7.9,146.534211375698,146.534212980986,163.117933082508,"1985",-0.610100197068308,-0.424869651349231,-0.491107264720611,-0.469916994327174
"88",8.5,72.3518938295775,78.9774270294739,7.9,83.4803885230232,83.4803891035742,99.5463173645992,"1985",1.00205884125222,1.21920394131482,1.03867472490726,0.971655332765013
"89",7.5,87.8492486843795,94.2537676945383,7.9,100.47291698593,100.472917846834,116.220514477932,"1985",0.121718280705658,0.336408452980185,0.193514802053272,0.146772422241734
"90",7.5,82.9250428139324,90.5108978074811,7.9,97.0648532506038,97.0648540292075,112.039669451504,"1985",0.0861527844215439,0.314578404049746,0.164674901296931,0.105345374844673
"91",8.5,66.4131539882331,75.7982253502252,7.9,81.7937716418447,81.7937721228281,95.6987333103664,"1985",0.949253928461991,1.20629232496534,1.02161705595751,0.927082954030419
"92",6.5,112.335028687611,119.293862933824,7.9,126.912510404359,126.912511655016,141.725869964582,"1985",-0.726695831433582,-0.515811767444111,-0.611251822784009,-0.628878220149844
"93",6.5,136.86290355151,145.437678623259,7.9,153.004565296996,153.004566904312,166.82933519752,"1985",-0.604931906105964,-0.397536066161205,-0.454996586913923,-0.444477217727735
"94",7,100.524542596342,109.574919518304,7.9,118.464146965014,118.464148027685,131.631738162834,"1985",-0.295184009328446,-0.0593895465312677,-0.16882287194961,-0.21242636669695
"95",7.5,97.2674381930396,106.511396446461,7.9,115.431851692266,115.431852703804,128.497899465072,"1985",0.184508464618565,0.424207310052645,0.309506767805086,0.260327221484025
"96",7,105.329004120789,114.295039936102,7.9,123.231613091969,123.231614228512,136.392807709871,"1985",-0.266399422578123,-0.0344304436529344,-0.135849146353918,-0.172249400087263
"97",7,87.630534381386,98.1045647564213,7.9,107.522171565101,107.522172420952,119.729485526156,"1985",-0.379818617414108,-0.120696165801081,-0.249815672812867,-0.319592431146874
"98",7,100.47883691933,110.709567288985,7.9,120.623607351131,120.623608407237,132.659080976608,"1985",-0.295464398703489,-0.0479619796560584,-0.15372579697417,-0.203635392619995
"99",7,99.2401086954583,111.159770225788,7.9,122.872836394335,122.872837418556,133.082011466992,"1985",-0.303112561007167,-0.0362748606793275,-0.138285825241206,-0.200036141502669
"100",7.5,100.609812528389,114.214312159824,7.9,128.619230497509,128.619231517599,136.419602011436,"1985",0.205338753192658,0.492638646013708,0.399912103018291,0.327972715901706
"101",9,47.0019085898514,66.0075538743533,7.9,86.9421936090578,87.2854696946228,87.1512280894943,"1985",1.23611005795699,1.74490726389564,1.57592485581404,1.3212885633096
"102",7.5,104.742498383023,118.708817480001,7.9,134.052327217399,134.052328286474,141.057109719182,"1985",0.230157862910299,0.518811457993857,0.434489271913506,0.36577343387365
"103",7.5,40.8651507397602,52.7660859418325,7.9,64.2219488254929,86.3971695395902,77.7253301053657,"1985",-0.350151100631246,0.0532959856336763,0.0673761531308843,-0.308142683963186
"104",6.5,105.25374537273,120.683909758396,7.9,142.976477360334,142.976478352733,144.945205300486,"1985",-0.766840108294659,-0.440418018566781,-0.511648374593044,-0.603480069167767
"105",7,100.836733445774,116.410973074705,7.9,141.40782068119,141.4078215829,141.664368605244,"1985",-0.293272223134945,0.0526031815256491,-0.0208681388033387,-0.129369016513645
"106",7,46.1117012557515,55.6103692797998,7.9,55.649619759303,104.55437500934,85.4296866710031,"1985",-0.775679187086375,-0.537335412378499,-0.273207441314529,-0.701271515704255
"107",6.5,120.211009050099,135.522530792747,7.9,159.712153768628,161.574176589578,160.846013462581,"1985",-0.684916972217178,-0.370394432927997,-0.409452475699924,-0.485777057120685
"108",6.5,101.880822377248,116.64522478386,7.9,138.881456380458,148.193146127069,144.551717229919,"1985",-0.786921184875122,-0.458800768523606,-0.481699073915582,-0.606553966712009
"109",6.5,109.929213664405,124.663758777752,7.9,147.359622264588,154.991635056189,152.007060381201,"1985",-0.740043467385671,-0.421316326489232,-0.444212918497298,-0.549688334458458
"110",6.5,91.5136305460491,106.004585953529,7.9,125.706306777096,141.976559081082,135.613915567923,"1985",-0.853086197920427,-0.521852815435611,-0.517513624600791,-0.678725303641913
"111",7,99.7011120940679,114.028648222143,7.9,135.056720780043,148.182462280398,143.049510750959,"1985",-0.300255135717884,0.023533520046918,0.0182406731383722,-0.118366535371172
"112",8,51.8938111740231,60.9965628127234,7.9,58.5350906307263,114.997372152398,92.9172383928042,"1985",0.297154995134765,0.494642879514062,0.806355201889889,0.393730116190392
"113",7.5,86.8465900868429,100.882291006199,7.9,118.474477110586,140.276279393257,131.750468599624,"1985",0.114640940884698,0.440665613516342,0.472417513136339,0.288593109674166
"114",7,97.0172005736436,110.706381195914,7.9,130.270120358737,148.044590055203,141.093707421549,"1985",-0.317079749798387,0.000706608184332325,0.0174627347597562,-0.133933224285852
"115",7.5,89.8711503066616,102.778964351931,7.9,119.711914689973,144.748748781812,134.95784679479,"1985",0.135747588316537,0.447238623853687,0.498647201204885,0.315791052396587
"116",6.5,100.468051088621,112.990388491288,7.9,131.538216360105,153.439849387868,144.87499870737,"1985",-0.795530584846487,-0.493165288051179,-0.452622411143289,-0.604027905398961
"117",7.5,68.8099606696588,80.9463317102489,7.9,87.6034670015911,131.809354356976,114.522204670895,"1985",-0.0288874728470994,0.249700492282231,0.420387558674973,0.130126868191845
"118",7,81.995449168205,94.2595074737677,7.9,107.698660933583,140.67474427148,127.77912041639,"1985",-0.420797744942023,-0.119658665116138,-0.0252119166780194,-0.246015686114537
"119",7,74.1460630792798,83.4322008210106,7.9,89.4651605928216,138.86881420881,119.549026605058,"1985",-0.482838677190527,-0.236996904460431,-0.0360100970687505,-0.321298027430007
"120",7,93.31697007336,103.436343163125,7.9,118.263476972332,151.987659913992,138.799484248945,"1985",-0.341054908704551,-0.0604620227044652,0.0394304371298313,-0.15247086905704
"121",7,82.2643290077798,90.5766278224186,7.9,99.7248743446812,146.008445774311,127.908797123366,"1985",-0.418779275613627,-0.16831895568499,0.00588874961184604,-0.244868712819841
"122",6.5,71.2473133809551,47.7590690021439,7.9,33.4449279959597,134.845394055559,95.1917386762553,"1985",-1.00742640550703,-1.35943577498084,-0.560581074082193,-1.07892354807835
"123",7,67.3184158187524,67.7030081828489,7.9,61.5478713438604,135.888901309396,106.817106100792,"1985",-0.54239885541103,-0.4736080267713,-0.0541386776216219,-0.448631492654685
"124",7,110.546289217304,119.127244740635,7.9,135.177573929736,168.476997264641,155.45492794708,"1985",-0.2365922374769,0.0240993313145133,0.125509964899344,-0.0243266057989029
"125",8,91.4645365483542,97.950867981283,7.9,109.097071929211,154.924570615354,137.00327367698,"1985",0.646582957599112,0.888502349887166,1.05542538765092,0.832800367556882
"126",7.5,99.9758240330816,107.230795546506,7.9,121.183171216701,160.94369789435,145.394950298486,"1985",0.201441328338028,0.454965784019625,0.587280064311934,0.400023099804009
"127",7,77.0422702906241,76.9616190186987,7.9,75.1001590512497,146.716187955424,118.710031338249,"1985",-0.459214361304463,-0.347717427227916,0.00992994411177328,-0.329261699846414
"128",7.5,107.716224008861,108.733928778928,7.9,120.539238104523,173.266304382666,152.646863254956,"1985",0.24741820707328,0.451595403597052,0.648935752923048,0.455061096192773
"129",6.5,86.0889166754905,72.2568884477622,7.9,66.8007745992268,157.689932633302,122.146828247838,"1985",-0.890761567047928,-0.921799073066948,-0.429788728257058,-0.796989703718918
"130",7.5,104.853967050257,101.920938509625,7.9,111.14399695312,173.306692378305,148.997355203821,"1985",0.230813651193793,0.400261344378062,0.649130535756518,0.427698203090864
"131",7,94.9663305612107,87.8690894653292,7.9,90.5990003274248,166.213927174314,136.643961928874,"1985",-0.330252772452418,-0.229030099528114,0.114208004384074,-0.170169124056829
"132",6.5,92.10410270577,61.083490656832,7.9,54.7394753294574,162.204788104663,120.179414434492,"1985",-0.84912085218287,-1.04776694296962,-0.406197056548959,-0.815351125710199
"133",6.5,95.9246431234121,54.4188079152727,7.9,49.4512455823995,163.945193861726,119.171202729168,"1985",-0.824062351322845,-1.11203699772379,-0.397277764740803,-0.824877359899432
"134",6.5,114.668975301741,109.463066083298,7.9,120.049562801288,183.400286063992,158.626358825177,"1985",-0.714017343478329,-0.550979656953546,-0.303560519187014,-0.501490110642895
"135",6.5,106.274696674273,96.168825726251,7.9,102.244900798995,177.816352119761,148.263388381279,"1985",-0.760888499360401,-0.652532111982682,-0.329400978088897,-0.577885743468601
"136",7,99.767292387794,79.8485658837686,7.9,78.2561423368554,172.746269654773,135.79497060324,"1985",-0.299846016999034,-0.32167697978603,0.14642367046617,-0.177216654984128
"137",6.5,107.567101571651,58.6473121299029,7.9,58.8390133186837,176.39714020589,130.424871710896,"1985",-0.75343592971411,-1.00208110568702,-0.336097936015794,-0.722841591989411
"138",7,124.52121763473,118.724936123509,7.9,130.442806274495,192.916612930014,168.485612564997,"1985",-0.163197623741082,0.00154461677222795,0.238716204973191,0.0666936056974441
"139",7,123.737816346457,109.262969319706,7.9,118.654490446592,195.808694717999,165.636779748255,"1985",-0.167088750869466,-0.0583739377109245,0.251151865731069,0.0474106587131988
"140",7,117.257990007654,70.0402909088753,7.9,72.6491098147003,188.498807931054,143.194637422337,"1985",-0.200251714155984,-0.368707821299305,0.219355515691788,-0.117219934793506
"141",7,122.074867996028,103.39901374317,7.9,110.932088791447,195.384880734058,162.358780902957,"1985",-0.175430859770505,-0.100945913572776,0.249341039251076,0.0248081423674558
"142",6,133.420883404215,116.112502029163,7.9,126.381426054826,206.070474937933,174.907283902177,"1985",-1.12063595541191,-1.01846449958262,-0.706159257707029,-0.891009458789885
"143",7,132.008297337245,111.18206738053,7.9,120.349923786921,205.617976844356,172.273061076403,"1985",-0.127198391851518,-0.0493989030477451,0.29200360614729,0.0918309390705572
"144",7,127.452712469122,77.4681581448354,7.9,83.0224891553351,199.527314872537,153.966950236041,"1985",-0.148851060498847,-0.284275451381083,0.266874356611068,-0.0352021314536204
"145",7,129.940790241347,104.689541605535,7.9,112.035962814867,204.358084202698,168.254605275635,"1985",-0.136931104368976,-0.0946821627086276,0.286867079964521,0.0651421754110171
"146",7,139.137331149229,84.1726667249276,7.9,93.3908113262418,211.523519202508,165.326555140536,"1985",-0.0947701853961158,-0.209831054554703,0.315668170275397,0.0452908435770434
"147",7,144.052519145781,117.420157843768,7.9,127.33286523568,218.689735065715,182.963727285103,"1985",-0.0733658955351384,-0.0137199805907748,0.343512666845803,0.159910931412485
"148",7.5,162.045091384342,131.038247339325,7.9,142.510558517666,237.370650929192,200.274673303302,"1985",0.499199406661502,0.55751717986576,0.912016043896108,0.762134000609464
"149",7.5,162.691464776712,122.097221180939,7.9,133.528203851772,238.557668109601,197.484857080343,"1985",0.501653819543934,0.516333273599368,0.916184828499518,0.746271793194654
"150",6.5,174.27735781502,93.7548389130962,7.9,118.888486943666,243.570050372888,194.812091483353,"1985",-0.455932517902651,-0.557127641273761,-0.06643753015664,-0.269136486881189
"151",6.5,168.65657408891,116.508700458376,7.9,129.93465127004,243.89709314215,199.330952851404,"1985",-0.476145019569374,-0.500924532971856,-0.0653161512921576,-0.243206894904903
"152",7,172.069524969107,124.877622412886,7.9,137.760576601863,247.945118349353,204.856363286217,"1985",0.0362068847978243,0.0360730108240581,0.44844074027659,0.287711035855433
"153",7,182.38385990948,132.721289023904,7.9,146.472330487105,258.370863204383,214.611835019283,"1985",0.0720990359183844,0.0748631506011854,0.482863045167049,0.3403162816409
"154",6.5,185.158461128697,142.157298652303,7.9,155.078808832204,261.529568610916,219.900945904537,"1985",-0.418592109895735,-0.389017782501089,-0.00698178040142672,-0.132153917536719
"155",6.5,196.837652072845,124.338244833903,7.9,145.839775928034,269.155388863879,220.931598469689,"1985",-0.380879729084214,-0.427874675869953,0.0170382072716588,-0.126866532561038
"156",7,190.252955730723,138.773114908414,7.9,152.862692147068,266.251162036922,221.909479183248,"1985",0.0981424790855865,0.101877091680091,0.507971612410613,0.378127371436716
"157",5.5,202.983027524291,161.680821768596,7.9,173.759455167681,279.657444690578,238.244988249845,"1985",-1.36192523792031,-1.31706767675547,-0.950973122903362,-1.04155459408497
"158",6.5,218.956146081067,140.63564678879,7.9,164.138388116778,289.419181445084,240.426887757898,"1985",-0.315222513246187,-0.353101411763811,0.077701125554186,-0.0312459548247057
"159",6.5,233.260946641835,155.559683022116,7.9,177.611301782012,303.268339505061,254.128911699754,"1985",-0.276203659283212,-0.30319772914353,0.116764499182393,0.0314272761066263
"160",7,217.847801224205,171.512389320565,7.9,182.876265970575,294.598883381627,250.908648611012,"1985",0.181648641774413,0.215281764419052,0.592525725216674,0.517006950620805
"161",6.5,237.239855467388,172.364125468133,7.9,186.945251653279,310.546947020255,262.211281259542,"1985",-0.265775474186055,-0.270797391683221,0.136585430496562,0.0668302502213205
"162",6.5,250.192988053584,201.809783103465,7.9,209.409996725723,326.665925626329,280.811834655149,"1985",-0.232999391790609,-0.199011908236302,0.178875532804238,0.144326197421766
"163",6.5,379.906404537868,161.016175086294,8.8,258.602479452369,258.602480217223,350.601307541992,"2010",0.305305751051312,0.299522453269409,0.176071034693263,0.479218819130116
"164",6,300.804991407799,75.1780221087692,8.8,180.198128373727,180.198128981408,271.830947144005,"2010",-0.338634523748491,-0.428992168541957,-0.625821962586609,-0.308525647442851
"165",7,298.658787902896,73.9844253280099,8.8,178.098028828917,178.098029434836,269.704675935063,"2010",0.656950741997582,0.563592052836075,0.364380976663107,0.682594712504683
"166",6.5,317.425976886213,106.772599031583,8.8,201.046228943319,201.046230071527,289.901428907822,"2010",0.194524782806365,0.140262743981,-0.0343285894105287,0.2642509346321
"167",6.5,328.671618822197,122.194208815616,8.8,214.874035522606,214.87403692164,302.056397376303,"2010",0.215989479054805,0.182340963568601,0.0212613764180318,0.310694507146206
"168",6.5,310.541579376932,100.736594539799,8.8,193.888824708721,193.888825776945,282.946374653815,"2010",0.181005897293149,0.117331296472861,-0.0646235586899149,0.236791972865287
"169",6.5,319.669035909502,120.915239591622,8.8,208.187845124086,208.187846626835,293.991325570075,"2010",0.198866215265286,0.162343953782493,-0.00515687658024611,0.280092126467423
"170",6,313.608078220623,142.420695747295,8.8,209.458596276969,209.458598135973,290.829997397387,"2010",-0.312935781139911,-0.333806521434981,-0.500071228741709,-0.232132964924872
"171",6.5,298.244650248488,137.266286114213,8.8,196.241820840497,196.241822664049,276.499690971287,"2010",0.156095211556689,0.124962103405653,-0.0545424186585652,0.210730505597332
"172",7,303.940103167298,146.625313046994,8.8,203.550891366725,203.550893304234,282.757554572736,"2010",0.667758102618569,0.648094984457092,0.476018666633001,0.73603712313843
"173",7.5,279.4207864689,116.638839514342,8.8,175.546738340183,175.546739929066,257.172268847515,"2010",1.11589938753672,1.05446450199056,0.852322480864902,1.12879143578878
"174",6.5,241.798967602709,73.5890498870016,8.8,130.091024660784,130.091025624643,216.709251194302,"2010",0.0267394793460829,-0.135105087299713,-0.398119838447433,-0.0647833567730132
"175",6,284.753751829798,131.179997926655,8.8,184.769513854753,184.769515637004,264.01111338811,"2010",-0.372444251853526,-0.413144322314674,-0.604885206051565,-0.341531659601654
"176",6,252.669209589603,88.0667026871138,8.8,144.9119542458,144.911955462202,229.151182248686,"2010",-0.446148268131273,-0.566853445560586,-0.807951897585158,-0.501658104537328
"177",7.5,266.727007606074,106.705249248132,8.8,162.758965735083,162.758967214496,244.61620616227,"2010",1.08723427017955,1.00661839520439,0.789112501212069,1.07219032412931
"178",7.5,253.85821934922,91.2832119392723,8.8,147.200663191846,147.200664462026,230.7935673385,"2010",1.05674626155162,0.943059510715399,0.705144210255213,1.00641745597057
"179",6.5,241.661301189453,78.4121248136725,8.8,132.266801817517,132.266802882547,217.577776198759,"2010",0.0263883541632728,-0.124612456352843,-0.384257916145781,-0.0602605550395632
"180",7.5,248.596632919569,90.3071072645251,8.8,142.894268956378,142.894270221033,226.015088612471,"2010",1.04383316798991,0.924276742438043,0.680330103692808,0.982759747530743
"181",7,253.203011193041,100.36969353432,8.8,150.417727186015,150.417728593274,231.797637432254,"2010",0.555152901630358,0.456735882696641,0.223212205380157,0.511326182571792
"182",6.5,225.372428331448,68.655570750441,8.8,114.823411929894,114.82341282708,200.986884891791,"2010",-0.0166359379440966,-0.214077302809367,-0.502450837502005,-0.149948951969024
"183",7,273.073295949364,128.651161885638,8.8,176.130903403894,176.130905179353,253.764335645004,"2010",0.601732048166745,0.556566078830619,0.355098896323677,0.613706898312861
"184",7,255.710842701144,110.108187291274,8.8,156.269165474064,156.269167011806,235.679345568979,"2010",0.561229385572327,0.480877934262796,0.255106516347857,0.530105254638827
"185",7.5,224.927748057122,73.6791528521592,8.8,117.246537014098,117.246538016357,201.833235389686,"2010",0.982146361099203,0.799133425549722,0.515001991090967,0.854802662978483
"186",8,199.105516042536,65.3347021228625,8.8,92.3737381999966,92.3737390192025,176.89164973531,"2010",1.40696220624525,1.1483004975816,0.815735071788422,1.20565008528843
"187",7.5,221.370477333194,90.9322813176868,8.8,124.254896999621,124.254898275003,203.074365828825,"2010",0.972317669374595,0.835859346860548,0.563520981757439,0.861734755634242
"188",6.5,187.910623861944,59.3427726409846,8.8,79.5694605187519,79.5694611947032,165.1454959183,"2010",-0.128716308627117,-0.446090127651052,-0.808965346262394,-0.372045211189207
"189",6.5,231.904279819794,105.278536409445,8.8,138.502528343278,138.502529808227,214.977860849915,"2010",0.000979016312476766,-0.0954705177800292,-0.345758201751789,-0.0738538256701045
"190",7.5,221.106327395131,98.9477558073685,8.8,128.524789781961,128.52479115292,204.827882680786,"2010",0.971581538871939,0.857232577006755,0.591757374437895,0.871456809467487
"191",6,238.701775003517,120.758863047148,8.8,150.600582971901,150.600584615937,223.867007967511,"2010",-0.481208832951337,-0.542495571245286,-0.775772459279236,-0.528038584410038
"192",7.5,196.269649423182,75.0455339466305,8.8,97.4393712797628,97.439372268006,177.836311274137,"2010",0.898117597623253,0.68207311455272,0.360352421599725,0.711672675852921
"193",7,216.089504007836,112.370284740061,8.8,134.10608521579,134.106086706152,204.615257439016,"2010",0.45743120713967,0.384123683702811,0.127283490144929,0.370282391297549
"194",7,204.713945637029,103.38171104951,8.8,123.330851705595,123.330853071025,193.944029945108,"2010",0.4240890253614,0.331137371831469,0.0572827330588561,0.309716689101678
"195",6,216.409923098504,120.492634308206,8.8,139.827387001351,139.827388560535,207.248707990272,"2010",-0.541655252614738,-0.589448153889491,-0.837801994910988,-0.615257259146198
"196",7,167.079485365604,73.9273074951447,8.8,80.1087295965279,80.1087304401257,155.363099991525,"2010",0.298841638776382,0.0581827024104307,-0.303320465185971,0.0589082412790427
"197",7.5,206.977186074255,111.608362326343,8.8,130.259248899079,130.259250343882,198.157344172338,"2010",0.930867911127164,0.86571240683468,0.602960164469274,0.83401878348641
"198",8,154.602504542979,63.8274798666776,8.8,64.2880184539484,64.2880190973491,141.829976438869,"2010",1.25099015084664,0.919005036188375,0.512810499978684,0.955855081904956
"199",8,144.084814204977,65.5044009518615,8.8,63.058533318563,63.0585339052621,136.567585286081,"2010",1.20755133747669,0.90678975019167,0.496672760469345,0.913101654836511
"200",7,196.06916534332,112.680387597442,8.8,127.466190481881,127.466191860678,191.297876108042,"2010",0.397487491917991,0.352000628423593,0.0848453939264644,0.294182453142997
"201",7.5,135.398703347261,71.9625360663087,8.8,71.8787180866001,71.8787186587149,137.198757645512,"2010",0.669215600705442,0.489606759946736,0.106083155631133,0.418315644769574
"202",7,189.097797742727,122.384431149376,8.8,133.058151762149,133.058153112563,190.103990914034,"2010",0.375166620602769,0.379161056380283,0.120727311766612,0.287103277762808
"203",6.5,165.397330726507,103.660853358661,8.8,112.34945357371,112.349454618406,169.43486921568,"2010",-0.207397189253438,-0.227855968113506,-0.520653971530731,-0.34305050653056
"204",9,100.792012886269,53.9702868083232,8.8,51.9000575602328,51.9000576577829,113.914355369598,"2010",1.98723330737563,1.78359646993433,1.3339208551978,1.70801212758958
"205",7,140.336079732243,87.691207575444,8.8,93.5435260694952,93.5435267806738,149.484520779332,"2010",0.191297979851004,0.156261122781892,-0.173748066122303,0.0152923343760376
"206",8,150.353463995159,98.6927105437289,8.8,106.391421998312,106.391422855846,159.722070655171,"2010",1.23380803659366,1.23767458277644,0.93380808664133,1.09019677364099
"207",6.5,159.887582088621,116.125817437371,8.8,125.455385877702,125.455386868295,172.312641032248,"2010",-0.22828554054207,-0.158058195223667,-0.428443423030763,-0.324006305256925
"208",7,140.863956174999,101.86059449264,8.8,111.87267625189,111.872676992765,157.697120862387,"2010",0.193612772944991,0.269453786945275,-0.02420808379844,0.0757693603896188
"209",7,92.8220886485244,68.0979374075409,8.8,81.0407600102052,81.0407601635623,124.923841634436,"2010",-0.0635542640754956,0.0655001571536484,-0.293653308309048,-0.187666652386424
"210",6.5,137.329464326869,100.491256081964,8.8,111.528941727295,111.528942421939,155.946053561989,"2010",-0.322054674910857,-0.232492878123495,-0.526779843205316,-0.436856849695886
"211",6.5,133.5376160919,101.372865402531,8.8,116.195133481045,116.195134123486,156.140974557039,"2010",-0.339317737707745,-0.206564910257271,-0.492526140987565,-0.435444362693483
"212",7,66.1275457835367,58.8629352162611,8.8,89.9035079952935,89.9035080078763,120.321975965769,"2010",-0.272624200696715,0.131153597744186,-0.206917879772385,-0.230107574219604
"213",6,145.501922471226,115.461901572147,8.8,132.141868072358,132.14186885165,167.989485119117,"2010",-0.786414422384368,-0.62521025943874,-0.88504768170067,-0.852737990665107
"214",6.5,143.19577848717,117.177035001794,8.8,139.108481919152,139.108482644982,169.470180108209,"2010",-0.296264668673917,-0.0927089391811551,-0.342109856576817,-0.342814875675731
"215",8,77.9184681698061,74.6227784368382,8.8,117.621930986411,117.621931064777,134.03441012791,"2010",0.82853702597601,1.30115559247306,1.0176734898514,0.891930311561475
"216",6.5,134.290341623175,114.013475064358,8.8,143.527656234666,143.527656818744,166.685340513435,"2010",-0.33585215203971,-0.0729254500156191,-0.315973688216744,-0.361550638253656
"217",7,127.88262354475,110.705238290753,8.8,147.339526591828,147.339527074285,164.8235778697,"2010",0.134004134964043,0.443655992680263,0.205932224188012,0.125748442260017
"218",7,43.0512090145748,56.5742914644011,8.8,119.796836271176,132.994269123223,127.902363061668,"2010",-0.537242267263792,0.312745807790978,0.120325966710324,-0.161022602503268
"219",8,122.858314119792,107.288854690874,8.8,152.675660716948,152.675661111733,164.001485716234,"2010",1.10929235513763,1.46616121731871,1.23566410542598,1.12009441371547
"220",7,68.2124919857652,68.5059293326633,8.8,122.176385749206,148.848284765284,138.557586142561,"2010",-0.253485210570579,0.325187959285628,0.214446528497177,-0.0705402770352173
"221",7,84.9561688336489,77.9817801009873,8.8,124.444948651172,162.509577465984,147.823273222141,"2010",-0.11814881173256,0.336826177198074,0.287830968448088,0.00265562253444696
"222",7,120.264671666775,106.171743141422,8.8,156.654147257206,175.798272408876,168.411980715791,"2010",0.096137219819143,0.482434460810264,0.353519093135764,0.150102321261325
"223",6,70.1698659397686,65.9426512139062,8.8,102.916960630185,165.201034237421,141.170250658431,"2010",-1.23604238640701,-0.783329069164291,-0.698441268726543,-1.04941696128932
"224",6.5,72.9487329948502,65.9152130338916,8.8,96.9289526482657,171.316611395803,142.615955692664,"2010",-0.712097044765947,-0.321249317286567,-0.168062475109157,-0.537895868629448
"225",6.5,104.589980804824,91.2775775442247,8.8,132.63939920318,177.04475160514,159.912034513644,"2010",-0.489961528808776,-0.122832939858674,-0.140576199162398,-0.408459163988788
"226",7,77.5827078718282,68.0567624685152,8.8,98.3488288339738,174.262587876335,144.973124251184,"2010",-0.174125483100063,0.187950079453746,0.346186554863435,-0.0193592943756586
"227",6.5,90.6863491021332,75.7365403865622,8.8,101.756981384689,183.987868697868,152.261095959855,"2010",-0.577906072197488,-0.290499518428303,-0.10842814488309,-0.463897179436167
"228",6.5,119.610723936285,102.442620149141,8.8,137.37700941297,191.174314908106,170.417942846103,"2010",-0.407224435385812,-0.100632182323963,-0.0764066685986471,-0.336508697047694
"229",7,76.4715491610887,57.4884820477552,8.8,71.3608121273257,187.695588900416,142.810666132466,"2010",-0.183019637840817,-0.0149677435657747,0.408245909942142,-0.0363531158794315
"230",7,88.6465296233053,57.3030480608309,8.8,61.2219478328811,201.655375282542,147.472578703143,"2010",-0.0919324426030101,-0.111908195389272,0.468199723967683,-3.01754136664556e-05
"231",7,116.495407707085,93.4036514174067,8.8,116.659070454835,201.853527279975,168.983333841182,"2010",0.0765045425148392,0.295955838312858,0.469020526082261,0.153932045265405
"232",7,106.891484803458,83.5261951706925,8.8,101.704759374763,200.243617041583,162.224813577722,"2010",0.0234584344426132,0.209175749719805,0.4623283695254,0.107777720681167
"233",6,137.40895935626,114.237732581461,8.8,138.058448958391,212.942297721282,184.05019967124,"2010",-0.821697882718272,-0.597502051977726,-0.486285846541506,-0.749491257061488
"234",7.5,95.7359651619735,55.7740253959438,8.8,53.9053494282571,210.30122525903,149.959709135749,"2010",0.455502773444845,0.30757793940956,1.00328404723518,0.518881154634003
"235",7,105.989105602274,74.6759868034293,8.8,83.942489225009,208.323867802228,160.334360910601,"2010",0.0182314600774891,0.0877545561255735,0.495388972290857,0.0945232349107439
"236",6,129.591780836137,94.0689831571561,8.8,108.559734357376,221.608116954397,177.991168850823,"2010",-0.857810291632006,-0.749562473816306,-0.452949336229241,-0.787343098896568
"237",6,147.376193091841,113.75268502393,8.8,130.386339986871,230.657993564465,191.970633200663,"2010",-0.778523167647025,-0.633670687434748,-0.419499061870927,-0.701847852269928
"238",6.5,136.648593184144,92.5683974594925,8.8,103.47515580203,232.491321304961,182.713595478309,"2010",-0.325119070284389,-0.279907320686792,0.0871172268766616,-0.257733013676813
"239",7,125.332343470366,53.1204902869651,8.8,42.2486700757295,242.14337029552,165.018898739821,"2010",0.121584525237886,-0.346557559468503,0.621112067913155,0.127087636645732
"240",6,142.685962305663,91.9208472882185,8.8,101.652030259052,240.520839298073,186.941712413232,"2010",-0.798463654431313,-0.791152304684917,-0.38450672000905,-0.731864559033842
"241",6,163.629759509441,124.339495850123,8.8,137.501635344408,247.4532276993,205.031100159149,"2010",-0.71402155343616,-0.600058566004442,-0.360759735865588,-0.627421874227307
"242",6,142.240604406554,85.1532437278365,8.8,93.1017064812301,243.892334832929,185.71346612756,"2010",-0.800391052087585,-0.846733781378255,-0.372873317520037,-0.739318421461605
"243",6,143.180225210757,48.0506354046682,8.8,40.5696744847956,262.072943721643,176.611335312436,"2010",-0.796331638631629,-1.37221046563413,-0.312788074132038,-0.79614321885138
"244",6,151.732319967254,77.0864442590493,8.8,83.0266252487881,259.208567648593,191.233082240235,"2010",-0.760563544790621,-0.919185344338962,-0.321972567072004,-0.706200608637293
"245",8,197.089496675904,145.720774726081,8.8,156.170525397583,282.057138496441,233.486873676591,"2010",1.40068763287461,1.48047850372238,1.74862663476112,1.51953678843989
"246",6.5,181.457636479868,102.16262451908,8.8,119.272658962755,280.878941057984,218.52711738892,"2010",-0.150260995677475,-0.190028207179013,0.245128369622389,-0.0553375129123044
"247",6,168.738360479805,50.6140660238533,8.8,60.0386232417542,287.563223900215,199.778432322511,"2010",-0.695067086159417,-1.12425493018168,-0.235216241071454,-0.65676829123205
"248",6,175.779093707748,82.3474869960907,8.8,97.3122042929174,283.305360064934,211.544458752089,"2010",-0.669863526093687,-0.818753013777336,-0.247683092297462,-0.59205895582243
"249",6,187.632842955799,42.4907602083126,8.8,71.7889678091075,308.614599748264,217.241233099009,"2010",-0.629628397204003,-1.01118361071791,-0.17617188894989,-0.562010940739387
"250",6,185.82972008623,48.9411873075899,8.8,74.0106179197908,305.048859823928,215.908415866333,"2010",-0.635581952355944,-0.991903610201209,-0.185884083769886,-0.568969759165729
"251",5,195.751619846771,90.5892391677902,8.8,114.65372583754,302.031122677887,229.736145663351,"2010",-1.60351184824228,-1.7150128397828,-1.19419276641368,-1.49877523906443
"252",6.5,206.424592506935,85.0145592811648,8.8,116.265472456197,315.754366534186,238.786465001692,"2010",-0.0707803594308549,-0.206182084864609,0.342942250343435,0.0449154481790313
"253",5,204.627005748202,52.1318625357293,8.8,92.3350339272042,323.480257204202,234.29853711487,"2010",-1.57617287050912,-1.85196461201548,-1.13685537067469,-1.47653919123831
"254",5,225.062391190355,82.115802078315,8.8,127.095938822422,336.71338502735,255.837630249143,"2010",-1.51748468170611,-1.64983954001439,-1.10334783868424,-1.37709212732679
"255",5,227.205552449162,61.7170071992702,8.8,117.787383058056,344.119668810373,256.794902758764,"2010",-1.51164139692691,-1.69795520089802,-1.08516465413967,-1.37286902670316
"256",5,229.166237069353,68.6624263666325,8.8,123.588752866279,344.201284436992,259.083345392611,"2010",-1.50634370887622,-1.66754117451984,-1.08496646701844,-1.36283680400828
"257",7,82.3378658324934,56.7724945561036,8.4,82.5869186131378,82.5869193303487,82.5869186131378,"2015",1.12211933252163,1.13079119429816,1.05481901988636,0.937550019757966
"258",5,139.687674029534,79.5483781193514,8.4,135.332895607857,135.332896610149,135.332895607857,"2015",-0.551988598546311,-0.556779998735594,-0.532428097658543,-0.503981689447484
"259",6,127.13214704449,83.5675961357585,8.4,127.21750013743,127.217501355653,127.21750013743,"2015",0.389943988956282,0.40410084925086,0.415891193431086,0.426092601158194
"260",5,148.751347334128,77.9539997524524,8.4,144.310364175328,144.310364697126,144.310364175328,"2015",-0.513228221550978,-0.51614943442822,-0.47875064790535,-0.43135432187824
"261",7.5,75.5424019861065,56.0105156294375,8.4,74.8999131957473,74.8999140328738,74.8999131957473,"2015",1.56901200865082,1.56898781151804,1.47316994261034,1.32707611729781
"262",7,64.0078980399759,50.6770898745303,8.4,62.5787642969418,62.5787650883783,62.5787642969418,"2015",0.966858131887244,0.955294019256108,0.822967915253935,0.623847809207344
"263",5.5,127.57390962595,88.6216262378018,8.4,126.821705519493,126.8217070391,126.821705519493,"2015",-0.10791733576866,-0.0978703183045271,-0.0867129341203743,-0.0774308721931156
"264",6,85.203985219755,52.5583355195141,8.4,80.8783988632266,80.8783994183633,80.8783988632266,"2015",0.143215720112662,0.117567151414939,0.037348600432348,-0.0860880330134721
"265",6,107.922454555283,77.985878924447,8.4,104.711481510816,104.711482961853,104.711481510816,"2015",0.288945217931257,0.280941759273404,0.253184467070049,0.205945018918914
"266",6,105.522661614008,77.1992502399527,8.4,103.391633546364,103.391635025862,103.391633546364,"2015",0.275080832985466,0.272917495402755,0.24258353060436,0.19160160106241
"267",5,186.522773089139,124.238147993219,8.4,182.240358786042,182.240360362713,182.240358786042,"2015",-0.373718127937568,-0.368527527621501,-0.283725836934142,-0.167479313748508
"268",5.5,168.876258167894,98.2086999863177,8.4,164.466222377989,164.466223449253,164.466222377989,"2015",0.0650052594028816,0.0665550337542342,0.130511070982439,0.21648039104539
"269",5,128.825315165298,90.4990548304905,8.4,125.485851721181,125.485853441159,125.485851721181,"2015",-0.601898956233931,-0.604568960510415,-0.595562577220799,-0.589404733693571
"270",5,175.961214673722,111.915730897735,8.4,171.626939482443,171.626940843222,171.626939482443,"2015",-0.409656374091082,-0.406485169136846,-0.333872064895912,-0.235328816441637
"271",5,109.093519528339,71.2049197885168,8.4,104.999763013129,104.999764068335,104.999763013129,"2015",-0.70440069832215,-0.717319041293319,-0.744517862001896,-0.79094615208326
"272",5,75.041579918158,50.624424965545,8.4,75.9036911077751,75.903691607453,75.9036911077751,"2015",-0.935089097775466,-0.922590748074239,-1.01570441041087,-1.15787050949953
"273",7,166.601463996675,113.033397469338,8.4,162.498640267409,162.498641946345,162.498640267409,"2015",1.5566438433154,1.5589414158657,1.6204526459254,1.7028710052456
"274",6,108.752006129129,72.034851429719,8.4,108.585329825503,108.585330937769,108.585329825503,"2015",0.293666202137905,0.303922290217526,0.283544277871406,0.247022850257627
"275",5,162.727579341524,84.2277177642002,8.4,158.276837310217,158.276837952007,158.276837310217,"2015",-0.457861614588806,-0.457710949455834,-0.401546968993848,-0.326895193617776
"276",5,158.457770863359,83.2319527054838,8.4,154.00692592638,154.006926569397,154.00692592638,"2015",-0.47425516465105,-0.47501112767528,-0.424402410793364,-0.357819361764981
"277",5,135.246407531558,71.7324708241633,8.4,130.803823140578,130.803823662787,130.803823140578,"2015",-0.571909582842795,-0.578312796143549,-0.560875298792515,-0.542471688757133
"278",5,111.030750429386,71.2668741984417,8.4,106.894160799625,106.894161837414,106.894160799625,"2015",-0.693548457313755,-0.706007590820156,-0.729574189694857,-0.770726869253694
"279",5,155.638628387669,81.5006673394755,8.4,151.190566790227,151.190567386697,151.190566790227,"2015",-0.485322943888677,-0.486686572975312,-0.439826960856081,-0.378689287442732
"280",5,159.363536066271,82.6145692929662,8.4,154.914809853664,154.914810463135,154.914809853664,"2015",-0.470740947798785,-0.471292889853508,-0.419490209084006,-0.351172990256362
"281",6,90.7766207640976,59.8126475252739,8.4,86.5889995374863,86.5890003072966,86.5889995374863,"2015",0.182276041813877,0.160726411231712,0.0943667404759161,-0.00894060766598948
"282",5.5,111.030750429386,71.2668741984417,8.4,106.894160799625,106.894161837414,106.894160799625,"2015",-0.193548457313755,-0.206007590820156,-0.229574189694857,-0.270726869253694
"283",5,163.116257729784,91.1370690517597,8.4,158.679763007036,158.679763909403,158.679763007036,"2015",-0.456390739319026,-0.456102603570864,-0.399422165476985,-0.324020266090741
"284",5,158.321351447403,82.4392029655744,8.4,153.872311547795,153.872312159936,153.872311547795,"2015",-0.474786188981211,-0.475564305966881,-0.425133220441226,-0.358808171145315
"285",5,94.9788579589282,70.0566444372808,8.4,91.8208083357089,91.8208096055477,91.8208083357089,"2015",-0.789823727628846,-0.802161813820081,-0.856604510988019,-0.942603096330437
"286",5,104.005804272778,62.4964217256506,8.4,105.891237783371,105.891238163448,105.891237783371,"2015",-0.733846136493362,-0.711970841186968,-0.737452305691061,-0.781386213608881
"287",5,168.487961248168,96.7405090852119,8.4,164.070149436983,164.070150473064,164.070149436983,"2015",-0.43641399377603,-0.434970233615708,-0.371503975463138,-0.286246033157831
"288",6,81.3130851161605,55.0176288590396,8.4,81.937381136231,81.9373817477589,81.937381136231,"2015",0.114397633915473,0.125796252041894,0.048220149704953,-0.0713784682760279
"289",6.5,119.63068396996,82.5055994404752,8.4,115.945485567382,115.94548702003,115.945485567382,"2015",0.852447135550062,0.845410121295433,0.838354276576588,0.821182587113629
"290",5.5,104.882930894698,69.4715856134159,8.4,100.810668616927,100.810669642237,100.810668616927,"2015",-0.228668344696853,-0.243074352472246,-0.278543466192375,-0.336983919063342
"291",6,194.553872890292,135.78485794334,8.4,190.329642740402,190.329644514323,190.329642740402,"2015",0.652272798256402,0.658946637746737,0.75257056371739,0.881630914988705
"292",5,161.658116513584,90.6752343947936,8.4,157.221696508056,157.22169740039,157.221696508056,"2015",-0.461926986953221,-0.461942200019756,-0.407136915916267,-0.334458578355893
"293",5.5,138.74093278251,98.7263542969557,8.4,135.562699845053,135.562701755554,135.562699845053,"2015",-0.0561814924800093,-0.0557067256343613,-0.0310101800290878,-0.00206320760126122
"294",5.5,183.619785417407,122.421307983664,8.4,179.340270974505,179.340272530744,179.340270974505,"2015",0.116610683921744,0.121324731785968,0.202867879488159,0.314381541531876
"295",5.5,143.793232176421,90.4455065071766,8.4,139.68563739576,139.685638820576,139.68563739576,"2015",-0.0341289248424195,-0.0367541346948643,-0.00597172208403585,0.0318146577943343
"296",5,190.503539469578,138.154750837279,8.4,186.36016324355,186.360165119584,186.36016324355,"2015",-0.360698279537123,-0.354386114973924,-0.265043471266424,-0.142201457242896
"297",6,60.9829862525884,46.1647452046799,8.4,61.0398280049285,61.039828540625,61.0398280049285,"2015",-0.062989779100354,-0.0604571695530609,-0.197841144172225,-0.404307531452999
"298",6,88.4956163914321,64.7640330696333,8.4,84.8703999669435,84.8704010225114,84.8703999669435,"2015",0.166585740785046,0.148044579163669,0.0776126457458881,-0.0316094554843307
"299",5.5,85.3068668508987,63.8064344691028,8.4,82.0328415918288,82.0328426955726,82.0328415918288,"2015",-0.356040266709976,-0.373467180346958,-0.450806758304005,-0.570061849431414
"300",5.5,135.226024969121,93.4944617393812,8.4,131.725832913309,131.725834663739,131.725832913309,"2015",-0.0720025074071069,-0.0738694208802819,-0.0550051026426868,-0.034529129897944
"301",5,195.202216773729,132.12626475597,8.4,190.930757157231,190.930758838593,190.930757157231,"2015",-0.345676003351641,-0.339058605897998,-0.244794143745679,-0.11480344654443
"302",7,130.507235275184,86.0455454320225,8.4,130.651654514689,130.651655743457,130.651654514689,"2015",1.40609845041854,1.42095085863038,1.43815191254236,1.45621208991285
"303",5.5,156.965279740772,103.287657696069,8.4,152.867743179612,152.867744760108,152.867743179612,"2015",0.0199101649418676,0.0202922200757429,0.0693927991678427,0.133785345306009
"304",6.5,109.448465567461,73.8053553671323,8.4,105.496935139522,105.496936307529,105.496935139522,"2015",0.797602032541578,0.785669204690828,0.759429941100599,0.714395354813767
"305",6,122.616789731745,78.2013093904276,8.4,123.059419628008,123.059420663669,123.059419628008,"2015",0.367647803950925,0.383079232780543,0.388119320531251,0.388516340716931
"306",5,132.830275164251,71.2815012318579,8.4,128.403519328224,128.403520054922,128.403519328224,"2015",-0.583023526754665,-0.590028958524875,-0.576353639021029,-0.563414396452066
"307",6,113.697398829556,56.5180543306964,8.4,109.2673632339,109.267363656924,109.2673632339,"2015",0.321084207525642,0.307883229516833,0.288777109854544,0.254103052054331
"308",6.5,132.566351958431,95.5457608363413,8.4,129.84281975557,129.842821648191,129.84281975557,"2015",0.915750228723908,0.917022449248988,0.932962055162315,0.949190035531666
"309",5,158.19251984279,82.8952483612234,8.4,153.742234924222,153.742235555705,153.742234924222,"2015",-0.475288097365349,-0.476099296953597,-0.4258400023825,-0.359764470613483
"310",5.5,180.066025474003,117.966666566893,8.4,175.765272015954,175.76527349283,175.765272015954,"2015",0.1045611482513,0.10858714389258,0.186040121974407,0.291613029854799
